<?xml version="1.0" encoding="UTF-8"?>
<!-- Configures the Camel Context-->
<beans xmlns="http://www.springframework.org/schema/beans"
    xmlns:cxf="http://camel.apache.org/schema/cxf"
    xmlns:xsi="http://www.w3.org/2001/XMLSchema-instance" xsi:schemaLocation="        http://www.springframework.org/schema/beans http://www.springframework.org/schema/beans/spring-beans.xsd        http://camel.apache.org/schema/spring http://camel.apache.org/schema/spring/camel-spring.xsd        http://camel.apache.org/schema/cxf http://camel.apache.org/schema/cxf/camel-cxf.xsd    ">
    <cxf:cxfEndpoint
        address="http://localhost:9095/cxf/banco/sucursales"
        id="buscarSucursalEndpoint" serviceClass="ec.com.kruger.examen.DemoSucursalServices"/>
    <bean class="ec.com.kruger.examen.DemoSucursalProcessor" id="buscarSucursalProcessor"/>
    <camelContext id="_camelContext1" xmlns="http://camel.apache.org/schema/spring">
        <route id="cxf">
            <!-- route starts from the cxf webservice in POJO mode -->
            <from id="buscarSucursalEndpointListener" uri="cxf:bean:buscarSucursalEndpoint"/>
            <recipientList id="dispatchToCorrectRoute">
                <simple>direct:${header.operationName}</simple>
            </recipientList>
        </route>
        <route id="buscarSucursal">
            <from id="buscarSucursalStarter" uri="direct:buscarSucursal"/>
            <log id="logReportIncident" message="buscarSucursal Call"/>
            <process id="buscarSucursalProcess" ref="buscarSucursalProcessor"/>
            <to id="_to1" uri="log:output"/>
        </route>
    </camelContext>
</beans>
