<?xml version="1.0" encoding="UTF-8"?>
<blueprint xmlns="http://www.osgi.org/xmlns/blueprint/v1.0.0"
    xmlns:camel="http://camel.apache.org/schema/blueprint"
    xmlns:cxf="http://camel.apache.org/schema/blueprint/cxf"
    xmlns:xsi="http://www.w3.org/2001/XMLSchema-instance" xsi:schemaLocation="http://www.osgi.org/xmlns/blueprint/v1.0.0   http://www.osgi.org/xmlns/blueprint/v1.0.0/blueprint.xsd          http://camel.apache.org/schema/blueprint   http://camel.apache.org/schema/blueprint/camel-blueprint.xsd          http://camel.apache.org/schema/blueprint/cxf   http://camel.apache.org/schema/blueprint/camel-cxf.xsd">
    <!-- BASE JPA 
	<jpa:repositories base-package="ec.app.banco.jpa" />


	<bean class="ec.app.banco.AppProcessor" id="appProcessor">
		<bean property="em" class="entityManagerFactory" />
	</bean>

    <bean id="dataSource" class="org.apache.tomcat.jdbc.pool.DataSource">
        <property name="driverClassName" value="org.mysql.Driver" />
        <property name="url" value="jdbc:mysql://database-1.cxcouurs3ecp.us-east-1.rds.amazonaws.com:3306/Examen" />
        <property name="username" value="admin" />
        <property name="password" value="#Kruger2021#" />
    </bean>
    
    <bean id="sessionFactory"
        class="org.springframework.orm.hibernate4.LocalSessionFactoryBean">
        <property name="dataSource" ref="dataSource" />
        <property name="hibernateProperties">
            <props>
                <prop key="hibernate.hbm2ddl.auto">update</prop>
                <prop key="hibernate.dialect">org.hibernate.dialect.MysqlDialect</prop>
            </props>
        </property>
    </bean>
    
    <bean id="jpaVendorAdapter" class="org.springframework.orm.jpa.vendor.HibernateJpaVendorAdapter">
        <property name="showSql" value="true"/>
        <property name="generateDdl" value="false"/>
        <property name="database" value="MYSQL"/>
    </bean>
    
    <bean id="entityManagerFactory" class="org.springframework.orm.jpa.LocalContainerEntityManagerFactoryBean">
        <property name="dataSource" ref="dataSource"/>
        <property name="jpaVendorAdapter" ref="jpaVendorAdapter"/>
        <property name="packagesToScan" value="ec.app.banco.jpa"/>
    </bean>

-->
    <bean class="ec.app.banco.AppProcessor" id="appProcessor"/>
    <!-- ENDPOINTS -->
    <cxf:rsServer address="http://localhost:9191/examen/api"
        id="apiendpoint" loggingFeatureEnabled="true" serviceClass="ec.app.banco.AppApi">
        <cxf:providers>
            <bean class="com.fasterxml.jackson.jaxrs.json.JacksonJsonProvider"/>
        </cxf:providers>
    </cxf:rsServer>
    <camelContext id="blueprintContext" xmlns="http://camel.apache.org/schema/blueprint">
        <!--<dataFormats> here we define a Json data format with the id jack and 
			that it should use the TestPojo as the class type when doing unmarshal. The 
			unmarshalTypeName is optional, if not provided Camel will use a Map as the 
			type <json id="jack" library="Jackson" unmarshalTypeName="ec.app.banco.model.Banco" 
			/> </dataFormats> -->
        <route id="_route3">
            <from id="_from4" uri="cxfrs:bean:apiendpoint?bindingStyle=SimpleConsumer"/>
            <recipientList id="_recipientList1">
                <simple>direct:${header.operationName}</simple>
            </recipientList>
        </route>
        <route id="_route1">
            <from id="_from1" uri="direct:actualizarBanco"/>
            <bean id="_bean1" method="putBanco" ref="appProcessor"/>
        </route>
        <route id="_route2">
            <from id="_from2" uri="direct:actualizarOrdenPago"/>
            <bean id="_bean2" method="putOrdenPago" ref="appProcessor"/>
        </route>
        <route id="_route4">
            <from id="_from3" uri="direct:actualizarSucursal"/>
            <bean id="_bean3" method="putSucursal" ref="appProcessor"/>
        </route>
        <route id="_route5">
            <from id="_from5" uri="direct:borrarBanco"/>
            <bean id="_bean4" method="deleteBanco" ref="appProcessor"/>
        </route>
        <route id="_route6">
            <from id="_from6" uri="direct:crearBanco"/>
            <bean id="_bean5" method="postBanco" ref="appProcessor"/>
        </route>
        <route id="_route7">
            <from id="_from7" uri="direct:crearOrdenPago"/>
            <bean id="_bean6" method="postOrdenPago" ref="appProcessor"/>
        </route>
        <route id="_route8">
            <from id="_from8" uri="direct:crearSucursal"/>
            <bean id="_bean7" method="postSucursal" ref="appProcessor"/>
        </route>
        <route id="_route9">
            <from id="_from9" uri="direct:eliminarOrdenPago"/>
            <bean id="_bean8" method="deleteOrdenPago" ref="appProcessor"/>
        </route>
        <route id="_route10">
            <from id="_from10" uri="direct:eliminarSucursal"/>
            <bean id="_bean9" method="deleteSucursal" ref="appProcessor"/>
        </route>
        <route id="_route11">
            <from id="_from11" uri="direct:getSucursalId"/>
            <bean id="_bean10" method="getSucursal" ref="appProcessor"/>
        </route>
        <route id="_route12">
            <from id="_from12" uri="direct:listaBancos"/>
            <bean id="_bean11" method="getBanco" ref="appProcessor"/>
        </route>
    </camelContext>
</blueprint>
