<?xml version="1.0" encoding="UTF-8"?>
<!--
    JBoss, Home of Professional Open Source
    Copyright 2014, Red Hat, Inc. and/or its affiliates, and individual
    contributors by the @authors tag. See the copyright.txt in the
    distribution for a full listing of individual contributors.

    Licensed under the Apache License, Version 2.0 (the "License");
    you may not use this file except in compliance with the License.
    You may obtain a copy of the License at
    http://www.apache.org/licenses/LICENSE-2.0
    Unless required by applicable law or agreed to in writing, software
    distributed under the License is distributed on an "AS IS" BASIS,
    WITHOUT WARRANTIES OR CONDITIONS OF ANY KIND, either express or implied.
    See the License for the specific language governing permissions and
    limitations under the License.
-->
<!-- Configures the Camel Context-->
<beans xmlns="http://www.springframework.org/schema/beans"
    xmlns:cxf="http://camel.apache.org/schema/cxf"
    xmlns:xsi="http://www.w3.org/2001/XMLSchema-instance" xsi:schemaLocation="        http://www.springframework.org/schema/beans http://www.springframework.org/schema/beans/spring-beans.xsd        http://camel.apache.org/schema/spring http://camel.apache.org/schema/spring/camel-spring.xsd        http://camel.apache.org/schema/cxf http://camel.apache.org/schema/cxf/camel-cxf.xsd    ">
    <cxf:cxfEndpoint address="http://localhost:9298/examen/ws/sucursales"
        id="buscarSucursalEndpoint" serviceClass="com.examen.tecnico.BuscarSucursalServices"/>
    <bean class="com.examen.tecnico.BuscarSucursalProcessor" id="buscarSucursalProcessor"/>
    <camelContext id="_camelContext1" xmlns="http://camel.apache.org/schema/spring">
        <route id="cxf">
            <!-- route starts from the cxf webservice in POJO mode -->
            <from id="buscarSucursalEndpointListener" uri="cxf:bean:buscarSucursalEndpoint"/>
            <recipientList id="dispatchToCorrectRoute">
                <simple>direct:${header.operationName}</simple>
            </recipientList>
        </route>
        <route id="buscarSucursal">
            <from id="buscarSucursalStarter" uri="direct:buscarSucursal"/>
            <log id="logReportIncident" message="buscarSucursal Call"/>
            <process id="buscarSucursalProcess" ref="buscarSucursalProcessor"/>
            <to id="_to1" uri="log:output"/>
        </route>
    </camelContext>
</beans>
